fornecedor,total,porte,quantidade,percentual
01252870000110,1,MEI,0,0.0
01252870000110,1,ME,1,100.0
01252870000110,1,EPP,0,0.0
01252870000110,1,Demais Empresas,0,0.0
01252870000110,1,Não se aplica,0,0.0
01252870000110,1,Não informado,0,0.0
02425466000164,1,MEI,0,0.0
02425466000164,1,ME,0,0.0
02425466000164,1,EPP,0,0.0
02425466000164,1,Demais Empresas,1,100.0
02425466000164,1,Não se aplica,0,0.0
02425466000164,1,Não informado,0,0.0
02498857000109,5,MEI,0,0.0
02498857000109,5,ME,5,100.0
02498857000109,5,EPP,0,0.0
02498857000109,5,Demais Empresas,0,0.0
02498857000109,5,Não se aplica,0,0.0
02498857000109,5,Não informado,0,0.0
02520829000140,1,MEI,0,0.0
02520829000140,1,ME,0,0.0
02520829000140,1,EPP,0,0.0
02520829000140,1,Demais Empresas,1,100.0
02520829000140,1,Não se aplica,0,0.0
02520829000140,1,Não informado,0,0.0
02668300000179,1,MEI,0,0.0
02668300000179,1,ME,0,0.0
02668300000179,1,EPP,0,0.0
02668300000179,1,Demais Empresas,1,100.0
02668300000179,1,Não se aplica,0,0.0
02668300000179,1,Não informado,0,0.0
03475276000114,2,MEI,0,0.0
03475276000114,2,ME,0,0.0
03475276000114,2,EPP,0,0.0
03475276000114,2,Demais Empresas,2,100.0
03475276000114,2,Não se aplica,0,0.0
03475276000114,2,Não informado,0,0.0
03637812000130,3,MEI,0,0.0
03637812000130,3,ME,0,0.0
03637812000130,3,EPP,0,0.0
03637812000130,3,Demais Empresas,3,100.0
03637812000130,3,Não se aplica,0,0.0
03637812000130,3,Não informado,0,0.0
03648344000108,1,MEI,0,0.0
03648344000108,1,ME,0,0.0
03648344000108,1,EPP,0,0.0
03648344000108,1,Demais Empresas,1,100.0
03648344000108,1,Não se aplica,0,0.0
03648344000108,1,Não informado,0,0.0
04198254000117,1,MEI,0,0.0
04198254000117,1,ME,0,0.0
04198254000117,1,EPP,0,0.0
04198254000117,1,Demais Empresas,1,100.0
04198254000117,1,Não se aplica,0,0.0
04198254000117,1,Não informado,0,0.0
04230084000100,5,MEI,0,0.0
04230084000100,5,ME,0,0.0
04230084000100,5,EPP,0,0.0
04230084000100,5,Demais Empresas,0,0.0
04230084000100,5,Não se aplica,0,0.0
04230084000100,5,Não informado,5,100.0
07113609368,1,MEI,0,0.0
07113609368,1,ME,0,0.0
07113609368,1,EPP,0,0.0
07113609368,1,Demais Empresas,1,100.0
07113609368,1,Não se aplica,0,0.0
07113609368,1,Não informado,0,0.0
07188842000168,1,MEI,0,0.0
07188842000168,1,ME,0,0.0
07188842000168,1,EPP,0,0.0
07188842000168,1,Demais Empresas,1,100.0
07188842000168,1,Não se aplica,0,0.0
07188842000168,1,Não informado,0,0.0
07663719000151,1,MEI,0,0.0
07663719000151,1,ME,0,0.0
07663719000151,1,EPP,0,0.0
07663719000151,1,Demais Empresas,1,100.0
07663719000151,1,Não se aplica,0,0.0
07663719000151,1,Não informado,0,0.0
07817778000137,1,MEI,0,0.0
07817778000137,1,ME,0,0.0
07817778000137,1,EPP,0,0.0
07817778000137,1,Demais Empresas,1,100.0
07817778000137,1,Não se aplica,0,0.0
07817778000137,1,Não informado,0,0.0
07882416000120,1,MEI,0,0.0
07882416000120,1,ME,1,100.0
07882416000120,1,EPP,0,0.0
07882416000120,1,Demais Empresas,0,0.0
07882416000120,1,Não se aplica,0,0.0
07882416000120,1,Não informado,0,0.0
07974082000114,1,MEI,0,0.0
07974082000114,1,ME,0,0.0
07974082000114,1,EPP,0,0.0
07974082000114,1,Demais Empresas,1,100.0
07974082000114,1,Não se aplica,0,0.0
07974082000114,1,Não informado,0,0.0
08077211000134,1,MEI,0,0.0
08077211000134,1,ME,1,100.0
08077211000134,1,EPP,0,0.0
08077211000134,1,Demais Empresas,0,0.0
08077211000134,1,Não se aplica,0,0.0
08077211000134,1,Não informado,0,0.0
08381236000127,1,MEI,0,0.0
08381236000127,1,ME,0,0.0
08381236000127,1,EPP,0,0.0
08381236000127,1,Demais Empresas,1,100.0
08381236000127,1,Não se aplica,0,0.0
08381236000127,1,Não informado,0,0.0
09094300000151,1,MEI,0,0.0
09094300000151,1,ME,1,100.0
09094300000151,1,EPP,0,0.0
09094300000151,1,Demais Empresas,0,0.0
09094300000151,1,Não se aplica,0,0.0
09094300000151,1,Não informado,0,0.0
09143572000102,1,MEI,0,0.0
09143572000102,1,ME,1,100.0
09143572000102,1,EPP,0,0.0
09143572000102,1,Demais Empresas,0,0.0
09143572000102,1,Não se aplica,0,0.0
09143572000102,1,Não informado,0,0.0
09485574000171,1,MEI,0,0.0
09485574000171,1,ME,0,0.0
09485574000171,1,EPP,0,0.0
09485574000171,1,Demais Empresas,1,100.0
09485574000171,1,Não se aplica,0,0.0
09485574000171,1,Não informado,0,0.0
10394436000166,2,MEI,0,0.0
10394436000166,2,ME,0,0.0
10394436000166,2,EPP,0,0.0
10394436000166,2,Demais Empresas,2,100.0
10394436000166,2,Não se aplica,0,0.0
10394436000166,2,Não informado,0,0.0
12465165000118,1,MEI,0,0.0
12465165000118,1,ME,0,0.0
12465165000118,1,EPP,0,0.0
12465165000118,1,Demais Empresas,1,100.0
12465165000118,1,Não se aplica,0,0.0
12465165000118,1,Não informado,0,0.0
13784373000142,5,MEI,0,0.0
13784373000142,5,ME,0,0.0
13784373000142,5,EPP,0,0.0
13784373000142,5,Demais Empresas,5,100.0
13784373000142,5,Não se aplica,0,0.0
13784373000142,5,Não informado,0,0.0
14595725000184,1,MEI,0,0.0
14595725000184,1,ME,0,0.0
14595725000184,1,EPP,1,100.0
14595725000184,1,Demais Empresas,0,0.0
14595725000184,1,Não se aplica,0,0.0
14595725000184,1,Não informado,0,0.0
15069036000107,1,MEI,0,0.0
15069036000107,1,ME,1,100.0
15069036000107,1,EPP,0,0.0
15069036000107,1,Demais Empresas,0,0.0
15069036000107,1,Não se aplica,0,0.0
15069036000107,1,Não informado,0,0.0
21595464000168,1,MEI,0,0.0
21595464000168,1,ME,0,0.0
21595464000168,1,EPP,1,100.0
21595464000168,1,Demais Empresas,0,0.0
21595464000168,1,Não se aplica,0,0.0
21595464000168,1,Não informado,0,0.0
24334945000108,2,MEI,0,0.0
24334945000108,2,ME,0,0.0
24334945000108,2,EPP,0,0.0
24334945000108,2,Demais Empresas,2,100.0
24334945000108,2,Não se aplica,0,0.0
24334945000108,2,Não informado,0,0.0
26361026000159,1,MEI,0,0.0
26361026000159,1,ME,0,0.0
26361026000159,1,EPP,0,0.0
26361026000159,1,Demais Empresas,1,100.0
26361026000159,1,Não se aplica,0,0.0
26361026000159,1,Não informado,0,0.0
27461719000186,1,MEI,0,0.0
27461719000186,1,ME,0,0.0
27461719000186,1,EPP,0,0.0
27461719000186,1,Demais Empresas,0,0.0
27461719000186,1,Não se aplica,0,0.0
27461719000186,1,Não informado,1,100.0
28019850000150,1,MEI,0,0.0
28019850000150,1,ME,1,100.0
28019850000150,1,EPP,0,0.0
28019850000150,1,Demais Empresas,0,0.0
28019850000150,1,Não se aplica,0,0.0
28019850000150,1,Não informado,0,0.0
28975806000114,1,MEI,0,0.0
28975806000114,1,ME,0,0.0
28975806000114,1,EPP,1,100.0
28975806000114,1,Demais Empresas,0,0.0
28975806000114,1,Não se aplica,0,0.0
28975806000114,1,Não informado,0,0.0
28977328000181,1,MEI,0,0.0
28977328000181,1,ME,1,100.0
28977328000181,1,EPP,0,0.0
28977328000181,1,Demais Empresas,0,0.0
28977328000181,1,Não se aplica,0,0.0
28977328000181,1,Não informado,0,0.0
32593430000150,1,MEI,0,0.0
32593430000150,1,ME,1,100.0
32593430000150,1,EPP,0,0.0
32593430000150,1,Demais Empresas,0,0.0
32593430000150,1,Não se aplica,0,0.0
32593430000150,1,Não informado,0,0.0
32996276000168,1,MEI,0,0.0
32996276000168,1,ME,1,100.0
32996276000168,1,EPP,0,0.0
32996276000168,1,Demais Empresas,0,0.0
32996276000168,1,Não se aplica,0,0.0
32996276000168,1,Não informado,0,0.0
35061495000143,5,MEI,0,0.0
35061495000143,5,ME,5,100.0
35061495000143,5,EPP,0,0.0
35061495000143,5,Demais Empresas,0,0.0
35061495000143,5,Não se aplica,0,0.0
35061495000143,5,Não informado,0,0.0
35187278000102,5,MEI,0,0.0
35187278000102,5,ME,0,0.0
35187278000102,5,EPP,0,0.0
35187278000102,5,Demais Empresas,5,100.0
35187278000102,5,Não se aplica,0,0.0
35187278000102,5,Não informado,0,0.0
35250918000173,1,MEI,0,0.0
35250918000173,1,ME,1,100.0
35250918000173,1,EPP,0,0.0
35250918000173,1,Demais Empresas,0,0.0
35250918000173,1,Não se aplica,0,0.0
35250918000173,1,Não informado,0,0.0
38276354000136,1,MEI,0,0.0
38276354000136,1,ME,1,100.0
38276354000136,1,EPP,0,0.0
38276354000136,1,Demais Empresas,0,0.0
38276354000136,1,Não se aplica,0,0.0
38276354000136,1,Não informado,0,0.0
41016857000187,1,MEI,0,0.0
41016857000187,1,ME,1,100.0
41016857000187,1,EPP,0,0.0
41016857000187,1,Demais Empresas,0,0.0
41016857000187,1,Não se aplica,0,0.0
41016857000187,1,Não informado,0,0.0
41556663000174,2,MEI,0,0.0
41556663000174,2,ME,2,100.0
41556663000174,2,EPP,0,0.0
41556663000174,2,Demais Empresas,0,0.0
41556663000174,2,Não se aplica,0,0.0
41556663000174,2,Não informado,0,0.0
42852532000105,1,MEI,0,0.0
42852532000105,1,ME,0,0.0
42852532000105,1,EPP,1,100.0
42852532000105,1,Demais Empresas,0,0.0
42852532000105,1,Não se aplica,0,0.0
42852532000105,1,Não informado,0,0.0
43262855000101,1,MEI,0,0.0
43262855000101,1,ME,1,100.0
43262855000101,1,EPP,0,0.0
43262855000101,1,Demais Empresas,0,0.0
43262855000101,1,Não se aplica,0,0.0
43262855000101,1,Não informado,0,0.0
43752662000120,1,MEI,0,0.0
43752662000120,1,ME,0,0.0
43752662000120,1,EPP,1,100.0
43752662000120,1,Demais Empresas,0,0.0
43752662000120,1,Não se aplica,0,0.0
43752662000120,1,Não informado,0,0.0
46727574120,1,MEI,0,0.0
46727574120,1,ME,0,0.0
46727574120,1,EPP,0,0.0
46727574120,1,Demais Empresas,1,100.0
46727574120,1,Não se aplica,0,0.0
46727574120,1,Não informado,0,0.0
50324245000142,10,MEI,0,0.0
50324245000142,10,ME,10,100.0
50324245000142,10,EPP,0,0.0
50324245000142,10,Demais Empresas,0,0.0
50324245000142,10,Não se aplica,0,0.0
50324245000142,10,Não informado,0,0.0
50416175000152,1,MEI,0,0.0
50416175000152,1,ME,0,0.0
50416175000152,1,EPP,0,0.0
50416175000152,1,Demais Empresas,1,100.0
50416175000152,1,Não se aplica,0,0.0
50416175000152,1,Não informado,0,0.0
50595271000105,3,MEI,0,0.0
50595271000105,3,ME,0,0.0
50595271000105,3,EPP,0,0.0
50595271000105,3,Demais Empresas,3,100.0
50595271000105,3,Não se aplica,0,0.0
50595271000105,3,Não informado,0,0.0
51158968000181,2,MEI,0,0.0
51158968000181,2,ME,2,100.0
51158968000181,2,EPP,0,0.0
51158968000181,2,Demais Empresas,0,0.0
51158968000181,2,Não se aplica,0,0.0
51158968000181,2,Não informado,0,0.0
52006170000187,5,MEI,0,0.0
52006170000187,5,ME,0,0.0
52006170000187,5,EPP,0,0.0
52006170000187,5,Demais Empresas,5,100.0
52006170000187,5,Não se aplica,0,0.0
52006170000187,5,Não informado,0,0.0
52974175000101,1,MEI,0,0.0
52974175000101,1,ME,0,0.0
52974175000101,1,EPP,0,0.0
52974175000101,1,Demais Empresas,0,0.0
52974175000101,1,Não se aplica,0,0.0
52974175000101,1,Não informado,1,100.0
53029926000176,1,MEI,0,0.0
53029926000176,1,ME,1,100.0
53029926000176,1,EPP,0,0.0
53029926000176,1,Demais Empresas,0,0.0
53029926000176,1,Não se aplica,0,0.0
53029926000176,1,Não informado,0,0.0
61100244000130,1,MEI,0,0.0
61100244000130,1,ME,0,0.0
61100244000130,1,EPP,0,0.0
61100244000130,1,Demais Empresas,1,100.0
61100244000130,1,Não se aplica,0,0.0
61100244000130,1,Não informado,0,0.0
63560007000188,1,MEI,0,0.0
63560007000188,1,ME,1,100.0
63560007000188,1,EPP,0,0.0
63560007000188,1,Demais Empresas,0,0.0
63560007000188,1,Não se aplica,0,0.0
63560007000188,1,Não informado,0,0.0
72403157000179,1,MEI,0,0.0
72403157000179,1,ME,0,0.0
72403157000179,1,EPP,0,0.0
72403157000179,1,Demais Empresas,1,100.0
72403157000179,1,Não se aplica,0,0.0
72403157000179,1,Não informado,0,0.0
73856593000166,1,MEI,0,0.0
73856593000166,1,ME,0,0.0
73856593000166,1,EPP,0,0.0
73856593000166,1,Demais Empresas,1,100.0
73856593000166,1,Não se aplica,0,0.0
73856593000166,1,Não informado,0,0.0
91893933334,1,MEI,0,0.0
91893933334,1,ME,0,0.0
91893933334,1,EPP,0,0.0
91893933334,1,Demais Empresas,1,100.0
91893933334,1,Não se aplica,0,0.0
91893933334,1,Não informado,0,0.0
